dt,im
17318,/Volumes/LaCie/planet//buffalo/planet_order_160364 (June'17) DONE/20170601_214555_0c37 COMPLETE/20170601_214555_0c37_3B_AnalyticMS.tif
17326,/Volumes/LaCie/planet//buffalo/planet_order_160364 (June'17) DONE/20170609_151926_100c COMPLETE/20170609_151926_100c_3B_AnalyticMS.tif
17327,/Volumes/LaCie/planet//buffalo/planet_order_160364 (June'17) DONE/20170610_152634_0e16 COMPLETE/20170610_152634_0e16_3B_AnalyticMS.tif
17328,/Volumes/LaCie/planet//buffalo/planet_order_160364 (June'17) DONE/20170611_152021_101d COMPLETE/20170611_152021_101d_3B_AnalyticMS.tif
17329,/Volumes/LaCie/planet//buffalo/planet_order_160364 (June'17) DONE/20170612_152544_0e20 COMPLETE/20170612_152544_0e20_3B_AnalyticMS.tif
17330,/Volumes/LaCie/planet//buffalo/planet_order_160364 (June'17) DONE/20170613_165153_0c24 COMPLETE/20170613_165153_0c24_3B_AnalyticMS.tif
17334,/Volumes/LaCie/planet//buffalo/planet_order_160364 (June'17) DONE/20170617_152100_0f10 COMPLETE/20170617_152100_0f10_3B_AnalyticMS.tif
17335,/Volumes/LaCie/planet//buffalo/planet_order_160364 (June'17) DONE/20170618_152034_0f1b COMPLETE/20170618_152034_0f1b_3B_AnalyticMS.tif
17338,/Volumes/LaCie/planet//buffalo/planet_order_160364 (June'17) DONE/20170621_152105_1044 COMPLETE/20170621_152105_1044_3B_AnalyticMS.tif
17342,/Volumes/LaCie/planet//buffalo/planet_order_160364 (June'17) DONE/20170625_152039_100a COMPLETE/20170625_152039_100a_3B_AnalyticMS.tif
17345,/Volumes/LaCie/planet//buffalo/planet_order_160364 (June'17) DONE/20170628_152004_102c COMPLETE/20170628_152004_102c_3B_AnalyticMS.tif
17411,/Volumes/LaCie/planet//mutale/2017/20170902_092844_0f54/20170902_092844_0f54_3B_AnalyticMS.tif
17413,/Volumes/LaCie/planet//buffalo/planet_order_181830/20170904_152258_0f12/20170904_152258_0f12_3B_AnalyticMS.tif
17415,/Volumes/LaCie/planet//mutale/2017/20170906_072447_1003/20170906_072447_1003_3B_AnalyticMS.tif
17415,/Volumes/LaCie/planet//mutale/2017/20170906_092849_0f4b/20170906_092849_0f4b_3B_AnalyticMS.tif
17417,/Volumes/LaCie/planet//mutale/2017/20170908_072658_1044/20170908_072658_1044_3B_AnalyticMS.tif
17417,/Volumes/LaCie/planet//mutale/2017/20170908_092834_0f3d/20170908_092834_0f3d_3B_AnalyticMS.tif
17417,/Volumes/LaCie/planet//mutale/2017/20170908_092928_0f47/20170908_092928_0f47_3B_AnalyticMS.tif
17418,/Volumes/LaCie/planet//mutale/2017/20170909_072533_0f17/20170909_072533_0f17_3B_AnalyticMS.tif
17421,/Volumes/LaCie/planet//mutale/2017/20170912_072523_1012/20170912_072523_1012_3B_AnalyticMS.tif
17422,/Volumes/LaCie/planet//mutale/2017/20170913_072314_1004/20170913_072314_1004_3B_AnalyticMS.tif
17423,/Volumes/LaCie/planet//mutale/2017/20170914_072525_0f42/20170914_072525_0f42_3B_AnalyticMS.tif
17424,/Volumes/LaCie/planet//mutale/2017/20170915_092853_1050/20170915_092853_1050_3B_AnalyticMS.tif
17429,/Volumes/LaCie/planet//buffalo/planet_order_181830/20170920_152502_1031/20170920_152502_1031_3B_AnalyticMS.tif
17429,/Volumes/LaCie/planet//mutale/2017/20170920_092741_0f3c/20170920_092741_0f3c_3B_AnalyticMS.tif
17430,/Volumes/LaCie/planet//buffalo/planet_order_181830/20170921_161240_0f2b/20170921_161240_0f2b_3B_AnalyticMS.tif
17430,/Volumes/LaCie/planet//mutale/2017/20170921_092645_1048/20170921_092645_1048_3B_AnalyticMS.tif
17432,/Volumes/LaCie/planet//mutale/2017/20170923_092746_0f36/20170923_092746_0f36_3B_AnalyticMS.tif
17433,/Volumes/LaCie/planet//buffalo/planet_order_181830/20170924_152146_1024/20170924_152146_1024_3B_AnalyticMS.tif
17435,/Volumes/LaCie/planet//mutale/2017/20170926_072502_1038/20170926_072502_1038_3B_AnalyticMS.tif
17435,/Volumes/LaCie/planet//mutale/2017/20170926_072834_0e0e/20170926_072834_0e0e_3B_AnalyticMS.tif
17436,/Volumes/LaCie/planet//buffalo/planet_order_181830/20170927_161200_1052/20170927_161200_1052_3B_AnalyticMS.tif
17439,/Volumes/LaCie/planet//mutale/2017/20170930_102911_0c38/20170930_102911_0c38_3B_AnalyticMS.tif
17439,/Volumes/LaCie/planet//mutale/2017/20170930_102911_1_0c38/20170930_102911_1_0c38_3B_AnalyticMS.tif
17440,/Volumes/LaCie/planet//buffalo/planet_order_181830/20171001_152405_0f42/20171001_152405_0f42_3B_AnalyticMS.tif
17440,/Volumes/LaCie/planet//mutale/2017/20171001_092550_100d/20171001_092550_100d_3B_AnalyticMS.tif
17441,/Volumes/LaCie/planet//buffalo/planet_order_181830/20171002_161154_0f53/20171002_161154_0f53_3B_AnalyticMS.tif
17442,/Volumes/LaCie/planet//buffalo/planet_order_181830/20171003_152610_1039/20171003_152610_1039_3B_AnalyticMS.tif
17442,/Volumes/LaCie/planet//mutale/2017/20171003_072605_0f35/20171003_072605_0f35_3B_AnalyticMS.tif
17443,/Volumes/LaCie/planet//mutale/2017/20171004_072414_102d/20171004_072414_102d_3B_AnalyticMS.tif
17444,/Volumes/LaCie/planet//mutale/2017/20171005_072515_1038/20171005_072515_1038_3B_AnalyticMS.tif
17446,/Volumes/LaCie/planet//buffalo/planet_order_181830/20171007_161054_0f24/20171007_161054_0f24_3B_AnalyticMS.tif
17448,/Volumes/LaCie/planet//mutale/2017/20171009_092537_104e/20171009_092537_104e_3B_AnalyticMS.tif
17449,/Volumes/LaCie/planet//mutale/2017/20171010_073023_0e16/20171010_073023_0e16_3B_AnalyticMS.tif
17450,/Volumes/LaCie/planet//mutale/2017/20171011_072519_1033/20171011_072519_1033_3B_AnalyticMS.tif
17451,/Volumes/LaCie/planet//mutale/2017/20171012_072659_101f/20171012_072659_101f_3B_AnalyticMS.tif
17453,/Volumes/LaCie/planet//buffalo/planet_order_181830/20171014_144948_0c79/20171014_144948_0c79_3B_AnalyticMS.tif
17454,/Volumes/LaCie/planet//mutale/2017/20171015_072717_0f17/20171015_072717_0f17_3B_AnalyticMS.tif
17454,/Volumes/LaCie/planet//mutale/2017/20171015_072902_0e26/20171015_072902_0e26_3B_AnalyticMS.tif
17456,/Volumes/LaCie/planet//buffalo/planet_order_181830/20171017_152331_1012/20171017_152331_1012_3B_AnalyticMS.tif
17460,/Volumes/LaCie/planet//buffalo/planet_order_181830/20171021_152425_1039/20171021_152425_1039_3B_AnalyticMS.tif
17462,/Volumes/LaCie/planet//mutale/2017/20171023_143714_0c46/20171023_143714_0c46_3B_AnalyticMS.tif
17463,/Volumes/LaCie/planet//mutale/2017/20171024_072724_0f28/20171024_072724_0f28_3B_AnalyticMS.tif
17464,/Volumes/LaCie/planet//mutale/2017/20171025_072634_1023/20171025_072634_1023_3B_AnalyticMS.tif
17465,/Volumes/LaCie/planet//mutale/2017/20171026_072757_1005/20171026_072757_1005_3B_AnalyticMS.tif
17466,/Volumes/LaCie/planet//buffalo/planet_order_173859/20171027_152716_103a/20171027_152716_103a_3B_AnalyticMS.tif
17469,/Volumes/LaCie/planet//mutale/2017/20171030_072718_1001/20171030_072718_1001_3B_AnalyticMS.tif
17469,/Volumes/LaCie/planet//mutale/2017/20171030_092242_104d/20171030_092242_104d_3B_AnalyticMS.tif
17470,/Volumes/LaCie/planet//mutale/2017/20171031_072609_1036/20171031_072609_1036_3B_AnalyticMS.tif
17472,/Volumes/LaCie/planet//mutale/2017/20171102_072810_100b/20171102_072810_100b_3B_AnalyticMS.tif
17476,/Volumes/LaCie/planet//mutale/2017/20171106_072801_103a/20171106_072801_103a_3B_AnalyticMS.tif
17476,/Volumes/LaCie/planet//mutale/2017/20171106_073254_0e16/20171106_073254_0e16_3B_AnalyticMS.tif
17484,/Volumes/LaCie/planet//mutale/2017/20171114_072642_1042/20171114_072642_1042_3B_AnalyticMS.tif
17486,/Volumes/LaCie/planet//mutale/2017/20171116_072801_0f22/20171116_072801_0f22_3B_AnalyticMS.tif
17487,/Volumes/LaCie/planet//mutale/2017/20171117_072753_1002/20171117_072753_1002_3B_AnalyticMS.tif
17488,/Volumes/LaCie/planet//mutale/2017/20171118_133716_0c43/20171118_133716_0c43_3B_AnalyticMS.tif
17490,/Volumes/LaCie/planet//buffalo/planet_order_173858/20171120_152629_0f35/20171120_152629_0f35_3B_AnalyticMS.tif
17490,/Volumes/LaCie/planet//mutale/2017/20171120_072825_1033/20171120_072825_1033_3B_AnalyticMS.tif
17491,/Volumes/LaCie/planet//buffalo/planet_order_173858/20171121_160341_100d/20171121_160341_100d_3B_AnalyticMS.tif
17491,/Volumes/LaCie/planet//mutale/2017/20171121_072831_1021/20171121_072831_1021_3B_AnalyticMS.tif
17492,/Volumes/LaCie/planet//mutale/2017/20171122_072805_103e/20171122_072805_103e_3B_AnalyticMS.tif
17498,/Volumes/LaCie/planet//mutale/2017/20171128_073042_0e0e/20171128_073042_0e0e_3B_AnalyticMS.tif
17499,/Volumes/LaCie/planet//mutale/2017/20171129_072804_0f15/20171129_072804_0f15_3B_AnalyticMS.tif
17502,/Volumes/LaCie/planet//mutale/2017/20171202_072936_1040/20171202_072936_1040_3B_AnalyticMS.tif
17503,/Volumes/LaCie/planet//buffalo/planet_order_169815/20171203_152734_1010/20171203_152734_1010_3B_AnalyticMS.tif
17506,/Volumes/LaCie/planet//buffalo/planet_order_169815/20171206_152814_101b/20171206_152814_101b_3B_AnalyticMS.tif
17509,/Volumes/LaCie/planet//buffalo/planet_order_169815/20171209_160116_0f21/20171209_160116_0f21_3B_AnalyticMS.tif
17509,/Volumes/LaCie/planet//mutale/2017/20171209_072939_1029/20171209_072939_1029_3B_AnalyticMS.tif
17509,/Volumes/LaCie/planet//mutale/2017/20171209_072940_1029/20171209_072940_1029_3B_AnalyticMS.tif
17510,/Volumes/LaCie/planet//mutale/2017/20171210_072912_101d/20171210_072912_101d_3B_AnalyticMS.tif
17510,/Volumes/LaCie/planet//mutale/2017/20171210_072913_101d/20171210_072913_101d_3B_AnalyticMS.tif
17510,/Volumes/LaCie/planet//mutale/2017/20171210_091519_0f44/20171210_091519_0f44_3B_AnalyticMS.tif
17511,/Volumes/LaCie/planet//mutale/2017/20171211_091544_1020/20171211_091544_1020_3B_AnalyticMS.tif
17512,/Volumes/LaCie/planet//mutale/2017/20171212_091523_0f4b/20171212_091523_0f4b_3B_AnalyticMS.tif
17514,/Volumes/LaCie/planet//mutale/2017/20171214_072824_1024/20171214_072824_1024_3B_AnalyticMS.tif
17517,/Volumes/LaCie/planet//mutale/2017/20171217_072822_1008/20171217_072822_1008_3B_AnalyticMS.tif
17518,/Volumes/LaCie/planet//mutale/2017/20171218_073053_0e20/20171218_073053_0e20_3B_AnalyticMS.tif
17518,/Volumes/LaCie/planet//mutale/2017/20171218_091411_103f/20171218_091411_103f_3B_AnalyticMS.tif
17519,/Volumes/LaCie/planet//mutale/2017/20171219_072938_1012/20171219_072938_1012_3B_AnalyticMS.tif
17522,/Volumes/LaCie/planet//mutale/2017/20171222_072852_0f35/20171222_072852_0f35_3B_AnalyticMS.tif
17525,/Volumes/LaCie/planet//mutale/2017/20171225_073006_100b/20171225_073006_100b_3B_AnalyticMS.tif
17528,/Volumes/LaCie/planet//mutale/2017/20171228_073026_1027/20171228_073026_1027_3B_AnalyticMS.tif
17528,/Volumes/LaCie/planet//mutale/2017/20171228_091218_0f3d/20171228_091218_0f3d_3B_AnalyticMS.tif
17531,/Volumes/LaCie/planet//mutale/2017/20171231_073013_1018/20171231_073013_1018_3B_AnalyticMS.tif
17531,/Volumes/LaCie/planet//mutale/2017/20171231_073014_1018/20171231_073014_1018_3B_AnalyticMS.tif
17532,/Volumes/LaCie/planet//mutale/2018/20180101_072958_101d/20180101_072958_101d_1B_AnalyticMS.tif
17532,/Volumes/LaCie/planet//mutale/2018/20180101_072958_101d/20180101_072958_101d_3B_AnalyticMS.tif
17532,/Volumes/LaCie/planet//mutale/2018/20180101_091158_1051/20180101_091158_1051_1B_AnalyticMS.tif
17532,/Volumes/LaCie/planet//mutale/2018/20180101_091158_1051/20180101_091158_1051_3B_AnalyticMS.tif
17537,/Volumes/LaCie/planet//mutale/2018/20180106_073038_1044/20180106_073038_1044_1B_AnalyticMS.tif
17537,/Volumes/LaCie/planet//mutale/2018/20180106_073038_1044/20180106_073038_1044_3B_AnalyticMS.tif
17538,/Volumes/LaCie/planet//mutale/2018/20180107_091107_1050/20180107_091107_1050_1B_AnalyticMS.tif
17538,/Volumes/LaCie/planet//mutale/2018/20180107_091107_1050/20180107_091107_1050_3B_AnalyticMS.tif
17539,/Volumes/LaCie/planet//mutale/2018/20180108_073004_1032/20180108_073004_1032_1B_AnalyticMS.tif
17539,/Volumes/LaCie/planet//mutale/2018/20180108_073004_1032/20180108_073004_1032_3B_AnalyticMS.tif
17543,/Volumes/LaCie/planet//mutale/2018/20180112_073012_1022/20180112_073012_1022_3B_AnalyticMS.tif
17544,/Volumes/LaCie/planet//mutale/2018/20180113_073024_1003/20180113_073024_1003_3B_AnalyticMS.tif
17545,/Volumes/LaCie/planet//mutale/2018/20180114_090919_0f4a/20180114_090919_0f4a_3B_AnalyticMS.tif
17546,/Volumes/LaCie/planet//mutale/2018/20180115_131332_0d05/20180115_131332_0d05_3B_AnalyticMS.tif
17550,/Volumes/LaCie/planet//mutale/2018/20180119_073045_1034/20180119_073045_1034_3B_AnalyticMS.tif
17551,/Volumes/LaCie/planet//buffalo/planet_order_169810/20180120_152959_1008/20180120_152959_1008_3B_AnalyticMS.tif
17551,/Volumes/LaCie/planet//mutale/2018/20180120_073143_0f17/20180120_073143_0f17_3B_AnalyticMS.tif
17552,/Volumes/LaCie/planet//mutale/2018/20180121_090827_104e/20180121_090827_104e_3B_AnalyticMS.tif
17559,/Volumes/LaCie/planet//buffalo/planet_order_169810/20180128_155241_0f1a/20180128_155241_0f1a_3B_AnalyticMS.tif
17564,/Volumes/LaCie/planet//mutale/2018/20180202_090645_104b/20180202_090645_104b_3B_AnalyticMS.tif
17565,/Volumes/LaCie/planet//buffalo/planet_order_160876 (Feb) DONE/20180203_155117_0f4a CLOUDS/20180203_155117_0f4a_3B_AnalyticMS.tif
17574,/Volumes/LaCie/planet//buffalo/planet_order_160876 (Feb) DONE/20180212_153013_1025 COMPLETE/20180212_153013_1025_3B_AnalyticMS.tif
17574,/Volumes/LaCie/planet//buffalo/planet_order_160876 (Feb) DONE/20180212_155035_0f3c COMPLETE/20180212_155035_0f3c_3B_AnalyticMS.tif
17575,/Volumes/LaCie/planet//buffalo/planet_order_160876 (Feb) DONE/20180213_155001_1020 COMPLETE/20180213_155001_1020_3B_AnalyticMS.tif
17577,/Volumes/LaCie/planet//mutale/2018/20180215_073204_101b/20180215_073204_101b_3B_AnalyticMS.tif
17582,/Volumes/LaCie/planet//buffalo/planet_order_160876 (Feb) DONE/20180220_153020_100c CLOUDY/20180220_153020_100c_3B_AnalyticMS.tif
17586,/Volumes/LaCie/planet//mutale/2018/20180224_090348_0f3c/20180224_090348_0f3c_3B_AnalyticMS.tif
17588,/Volumes/LaCie/planet//buffalo/planet_order_160876 (Feb) DONE/20180226_153129_1042 COMPLETE/20180226_153129_1042_3B_AnalyticMS.tif
17589,/Volumes/LaCie/planet//buffalo/planet_order_160876 (Feb) DONE/20180227_153118_101b COMPLETE/20180227_153118_101b_3B_AnalyticMS.tif
17590,/Volumes/LaCie/planet//buffalo/planet_order_160876 (Feb) DONE/20180228_153134_1014 COMPLETE/20180228_153134_1014_3B_AnalyticMS.tif
17593,/Volumes/LaCie/planet//buffalo/planet_order_160876 (Feb) DONE/20180303_154703_1053 COMPLETE/20180303_154703_1053_3B_AnalyticMS.tif
17593,/Volumes/LaCie/planet//buffalo/planet_order_169807/20180303_154703_1053done/20180303_154703_1053_3B_AnalyticMS.tif
17595,/Volumes/LaCie/planet//buffalo/planet_order_160278 (Mar) DONE/20180305_153122_100c COMPLETE/20180305_153122_100c_3B_AnalyticMS.tif
17601,/Volumes/LaCie/planet//buffalo/planet_order_169807/20180311_154701_1049done/20180311_154701_1049_3B_AnalyticMS.tif
17602,/Volumes/LaCie/planet//buffalo/planet_order_169807/20180312_153204_101b/20180312_153204_101b_3B_AnalyticMS.tif
17608,/Volumes/LaCie/planet//buffalo/planet_order_169807/20180318_153141_100c/20180318_153141_100c_3B_AnalyticMS.tif
17615,/Volumes/LaCie/planet//buffalo/planet_order_169807/20180325_153212_101b/20180325_153212_101b_3B_AnalyticMS.tif
17616,/Volumes/LaCie/planet//buffalo/planet_order_169807/20180326_153257_1035/20180326_153257_1035_3B_AnalyticMS.tif
17621,/Volumes/LaCie/planet//buffalo/planet_order_169807/20180331_154322_1020/20180331_154322_1020_3B_AnalyticMS.tif
17622,/Volumes/LaCie/planet//mutale/2018/20180401_085831_1052/20180401_085831_1052_3B_AnalyticMS.tif
17628,/Volumes/LaCie/planet//mutale/2018/20180407_073343_1042/20180407_073343_1042_3B_AnalyticMS.tif
17632,/Volumes/LaCie/planet//buffalo/planet_order_181828/20180411_154228_0f47/20180411_154228_0f47_3B_AnalyticMS.tif
17634,/Volumes/LaCie/planet//buffalo/planet_order_181828/20180413_153259_0f35/20180413_153259_0f35_3B_AnalyticMS.tif
17635,/Volumes/LaCie/planet//mutale/2018/20180414_085656_0f33/20180414_085656_0f33_3B_AnalyticMS.tif
17639,/Volumes/LaCie/planet//buffalo/planet_order_181828/20180418_153254_1005/20180418_153254_1005_3B_AnalyticMS.tif
17639,/Volumes/LaCie/planet//mutale/2018/20180418_085542_1050/20180418_085542_1050_3B_AnalyticMS.tif
17640,/Volumes/LaCie/planet//mutale/2018/20180419_085529_0f1a/20180419_085529_0f1a_3B_AnalyticMS.tif
17641,/Volumes/LaCie/planet//buffalo/planet_order_181828/20180420_153259_103b/20180420_153259_103b_3B_AnalyticMS.tif
17642,/Volumes/LaCie/planet//buffalo/planet_order_181828/20180421_153410_1008/20180421_153410_1008_3B_AnalyticMS.tif
17643,/Volumes/LaCie/planet//buffalo/exist_testing/20180422_153434_0e20/20180422_153434_0e20_3B_AnalyticMS.tif
17643,/Volumes/LaCie/planet//buffalo/planet_order_181828/20180422_153434_0e20/20180422_153434_0e20_3B_AnalyticMS.tif
17643,/Volumes/LaCie/planet//mutale/2018/20180422_073446_0f22/20180422_073446_0f22_3B_AnalyticMS.tif
17644,/Volumes/LaCie/planet//buffalo/planet_order_181828/20180423_153311_1012/20180423_153311_1012_3B_AnalyticMS.tif
17644,/Volumes/LaCie/planet//mutale/2018/20180423_121936_1_0c43/20180423_121936_1_0c43_3B_AnalyticMS.tif
17645,/Volumes/LaCie/planet//mutale/2018/20180424_105148_0f02/20180424_105148_0f02_3B_AnalyticMS.tif
17646,/Volumes/LaCie/planet//mutale/2018/20180425_073431_0f34/20180425_073431_0f34_3B_AnalyticMS.tif
17647,/Volumes/LaCie/planet//buffalo/planet_order_181828/20180426_153245_101f/20180426_153245_101f_3B_AnalyticMS.tif
17648,/Volumes/LaCie/planet//mutale/2018/20180427_073439_1018/20180427_073439_1018_3B_AnalyticMS.tif
17651,/Volumes/LaCie/planet//buffalo/planet_order_181828/20180430_153834_0f24/20180430_153834_0f24_3B_AnalyticMS.tif
17654,/Volumes/LaCie/planet//mutale/2018/20180503_073431_1034/20180503_073431_1034_3B_AnalyticMS.tif
17660,/Volumes/LaCie/planet//mutale/2018/20180509_085338_0f36/20180509_085338_0f36_3B_AnalyticMS.tif
17661,/Volumes/LaCie/planet//mutale/2018/20180510_085258_104e/20180510_085258_104e_3B_AnalyticMS.tif
17662,/Volumes/LaCie/planet//mutale/2018/20180511_085222_0f2b/20180511_085222_0f2b_3B_AnalyticMS.tif
17663,/Volumes/LaCie/planet//mutale/2018/20180512_073501_0e3a/20180512_073501_0e3a_3B_AnalyticMS.tif
17676,/Volumes/LaCie/planet//mutale/2018/20180525_073604_0f34/20180525_073604_0f34_3B_AnalyticMS.tif
17680,/Volumes/LaCie/planet//mutale/2018/20180529_073516_1013/20180529_073516_1013_3B_AnalyticMS.tif
17683,/Volumes/LaCie/planet//mutale/2018/20180601_084930_0f33/20180601_084930_0f33_3B_AnalyticMS.tif
17684,/Volumes/LaCie/planet//mutale/2018/20180602_073606_1044/20180602_073606_1044_3B_AnalyticMS.tif
17689,/Volumes/LaCie/planet//mutale/2018/20180607_084829_0f4d/20180607_084829_0f4d_3B_AnalyticMS.tif
17690,/Volumes/LaCie/planet//mutale/2018/20180608_084815_0f2d/20180608_084815_0f2d_3B_AnalyticMS.tif
17691,/Volumes/LaCie/planet//mutale/2018/20180609_073635_100e/20180609_073635_100e_3B_AnalyticMS.tif
17695,/Volumes/LaCie/planet//mutale/2018/20180613_084802_1048/20180613_084802_1048_3B_AnalyticMS.tif
17696,/Volumes/LaCie/planet//mutale/2018/20180614_084706_103f/20180614_084706_103f_3B_AnalyticMS.tif
17697,/Volumes/LaCie/planet//mutale/2018/20180615_073619_1006/20180615_073619_1006_3B_AnalyticMS.tif
17699,/Volumes/LaCie/planet//mutale/2018/20180617_073618_1010/20180617_073618_1010_3B_AnalyticMS.tif
17701,/Volumes/LaCie/planet//mutale/2018/20180619_084652_1050/20180619_084652_1050_3B_AnalyticMS.tif
17702,/Volumes/LaCie/planet//mutale/2018/20180620_073556_103b/20180620_073556_103b_3B_AnalyticMS.tif
17703,/Volumes/LaCie/planet//mutale/2018/20180621_084657_0f4d/20180621_084657_0f4d_3B_AnalyticMS.tif
17709,/Volumes/LaCie/planet//mutale/2018/20180627_073656_101d/20180627_073656_101d_3B_AnalyticMS.tif
17710,/Volumes/LaCie/planet//mutale/2018/20180628_084544_103f/20180628_084544_103f_3B_AnalyticMS.tif
17711,/Volumes/LaCie/planet//mutale/2018/20180629_084559_0f33/20180629_084559_0f33_3B_AnalyticMS.tif
17876,/Volumes/LaCie/planet//planet_order_323571/20181211_153553_0e20/20181211_153553_0e20_3B_AnalyticMS.tif
17878,/Volumes/LaCie/planet//planet_order_323571/20181213_154111_101b/20181213_154111_101b_3B_AnalyticMS.tif
17892,/Volumes/LaCie/planet//planet_order_323571/20181227_154038_1009/20181227_154038_1009_3B_AnalyticMS.tif
17901,/Volumes/LaCie/planet//planet_order_323571/20190105_153704_0e20/20190105_153704_0e20_3B_AnalyticMS.tif
17904,/Volumes/LaCie/planet//planet_order_323571/20190108_150230_1020/20190108_150230_1020_3B_AnalyticMS.tif
17910,/Volumes/LaCie/planet//planet_order_323571/20190114_150124_1050/20190114_150124_1050_3B_AnalyticMS.tif
17921,/Volumes/LaCie/planet//planet_order_323571/20190125_145926_1053/20190125_145926_1053_3B_AnalyticMS.tif
17924,/Volumes/LaCie/planet//planet_order_323571/20190128_145953_0f49/20190128_145953_0f49_3B_AnalyticMS.tif
17926,/Volumes/LaCie/planet//planet_order_323571/20190130_154203_1025/20190130_154203_1025_3B_AnalyticMS.tif
17927,/Volumes/LaCie/planet//planet_order_323571/20190131_154329_1034/20190131_154329_1034_3B_AnalyticMS.tif
17929,/Volumes/LaCie/planet//planet_order_323571/20190202_154003_1035/20190202_154003_1035_3B_AnalyticMS.tif
17931,/Volumes/LaCie/planet//planet_order_323571/20190204_154028_1011/20190204_154028_1011_3B_AnalyticMS.tif
17935,/Volumes/LaCie/planet//planet_order_323571/20190208_154113_1012/20190208_154113_1012_3B_AnalyticMS.tif
17944,/Volumes/LaCie/planet//mutale/2019/20190217_154103_1013/20190217_154103_1013_3B_AnalyticMS.tif
17944,/Volumes/LaCie/planet//planet_order_323571/20190217_154103_1013/20190217_154103_1013_3B_AnalyticMS.tif
17948,/Volumes/LaCie/planet//mutale/2019/20190221_145454_1_1053/20190221_145454_1_1053_3B_AnalyticMS.tif
17948,/Volumes/LaCie/planet//planet_order_323571/20190221_145454_1_1053/20190221_145454_1_1053_3B_AnalyticMS.tif
17951,/Volumes/LaCie/planet//mutale/2019/20190224_145246_0f2b/20190224_145246_0f2b_3B_AnalyticMS.tif
17951,/Volumes/LaCie/planet//planet_order_323571/20190224_145246_0f2b/20190224_145246_0f2b_3B_AnalyticMS.tif
17953,/Volumes/LaCie/planet//mutale/2019/20190226_145251_104a/20190226_145251_104a_3B_AnalyticMS.tif
17953,/Volumes/LaCie/planet//planet_order_323571/20190226_145251_104a/20190226_145251_104a_3B_AnalyticMS.tif
17955,/Volumes/LaCie/planet//planet_order_323571/20190228_154350_1025/20190228_154350_1025_3B_AnalyticMS.tif
17991,/Volumes/LaCie/planet//mutale/2019/20190405_074455_103a/20190405_074455_103a_3B_AnalyticMS.tif
17991,/Volumes/LaCie/planet//mutale/2019/20190405_080158_1051/20190405_080158_1051_3B_AnalyticMS.tif
17991,/Volumes/LaCie/planet//planet_order_347300/20190405_074455_103a/20190405_074455_103a_3B_AnalyticMS.tif
17991,/Volumes/LaCie/planet//planet_order_347300/20190405_080158_1051/20190405_080158_1051_3B_AnalyticMS.tif
17995,/Volumes/LaCie/planet//mutale/2019/20190409_074612_0f34/20190409_074612_0f34_3B_AnalyticMS.tif
17995,/Volumes/LaCie/planet//planet_order_347300/20190409_074612_0f34/20190409_074612_0f34_3B_AnalyticMS.tif
18001,/Volumes/LaCie/planet//mutale/2019/20190415_074501_0f35/20190415_074501_0f35_3B_AnalyticMS.tif
18001,/Volumes/LaCie/planet//planet_order_347300/20190415_074501_0f35/20190415_074501_0f35_3B_AnalyticMS.tif
18005,/Volumes/LaCie/planet//mutale/2019/20190419_080058_0f49/20190419_080058_0f49_3B_AnalyticMS.tif
18005,/Volumes/LaCie/planet//planet_order_347300/20190419_080058_0f49/20190419_080058_0f49_3B_AnalyticMS.tif
18007,/Volumes/LaCie/planet//mutale/2019/20190421_074320_1013/20190421_074320_1013_3B_AnalyticMS.tif
18007,/Volumes/LaCie/planet//mutale/2019/20190421_074321_1013/20190421_074321_1013_3B_AnalyticMS.tif
18007,/Volumes/LaCie/planet//mutale/2019/20190421_080218_0f2a/20190421_080218_0f2a_3B_AnalyticMS.tif
18007,/Volumes/LaCie/planet//planet_order_347300/20190421_074320_1013/20190421_074320_1013_3B_AnalyticMS.tif
18007,/Volumes/LaCie/planet//planet_order_347300/20190421_074321_1013/20190421_074321_1013_3B_AnalyticMS.tif
18007,/Volumes/LaCie/planet//planet_order_347300/20190421_080218_0f2a/20190421_080218_0f2a_3B_AnalyticMS.tif
18011,/Volumes/LaCie/planet//mutale/2019/20190425_080134_0f3c/20190425_080134_0f3c_3B_AnalyticMS.tif
18011,/Volumes/LaCie/planet//mutale/2019/20190425_080135_0f3c/20190425_080135_0f3c_3B_AnalyticMS.tif
18011,/Volumes/LaCie/planet//planet_order_347300/20190425_080134_0f3c/20190425_080134_0f3c_3B_AnalyticMS.tif
18011,/Volumes/LaCie/planet//planet_order_347300/20190425_080135_0f3c/20190425_080135_0f3c_3B_AnalyticMS.tif
18012,/Volumes/LaCie/planet//mutale/2019/20190426_074546_0f17/20190426_074546_0f17_3B_AnalyticMS.tif
18012,/Volumes/LaCie/planet//mutale/2019/20190426_074547_0f17/20190426_074547_0f17_3B_AnalyticMS.tif
18012,/Volumes/LaCie/planet//planet_order_347300/20190426_074546_0f17/20190426_074546_0f17_3B_AnalyticMS.tif
18012,/Volumes/LaCie/planet//planet_order_347300/20190426_074547_0f17/20190426_074547_0f17_3B_AnalyticMS.tif
18017,/Volumes/LaCie/planet//mutale/2019/20190501_074703_0f3f/20190501_074703_0f3f_3B_AnalyticMS.tif
18017,/Volumes/LaCie/planet//planet_order_347300/20190501_074703_0f3f/20190501_074703_0f3f_3B_AnalyticMS.tif
18018,/Volumes/LaCie/planet//mutale/2019/20190502_074445_103e/20190502_074445_103e_3B_AnalyticMS.tif
18018,/Volumes/LaCie/planet//mutale/2019/20190502_074456_1025/20190502_074456_1025_3B_AnalyticMS.tif
18018,/Volumes/LaCie/planet//planet_order_347300/20190502_074445_103e/20190502_074445_103e_3B_AnalyticMS.tif
18018,/Volumes/LaCie/planet//planet_order_347300/20190502_074456_1025/20190502_074456_1025_3B_AnalyticMS.tif
18020,/Volumes/LaCie/planet//mutale/2019/20190504_074507_101b/20190504_074507_101b_3B_AnalyticMS.tif
18020,/Volumes/LaCie/planet//mutale/2019/20190504_074508_101b/20190504_074508_101b_3B_AnalyticMS.tif
18020,/Volumes/LaCie/planet//planet_order_347300/20190504_074507_101b/20190504_074507_101b_3B_AnalyticMS.tif
18020,/Volumes/LaCie/planet//planet_order_347300/20190504_074508_101b/20190504_074508_101b_3B_AnalyticMS.tif
18022,/Volumes/LaCie/planet//planet_order_368885/20190506_144607_1020/20190506_144607_1020_3B_AnalyticMS.tif
18022,/Volumes/LaCie/planet//planet_order_368885/20190506_154500_1042/20190506_154500_1042_3B_AnalyticMS.tif
18024,/Volumes/LaCie/planet//planet_order_368885/20190508_144328_0f44/20190508_144328_0f44_3B_AnalyticMS.tif
18025,/Volumes/LaCie/planet//mutale/2019/20190509_074347_1014/20190509_074347_1014_3B_AnalyticMS.tif
18025,/Volumes/LaCie/planet//mutale/2019/20190509_074348_1014/20190509_074348_1014_3B_AnalyticMS.tif
18025,/Volumes/LaCie/planet//planet_order_347300/20190509_074347_1014/20190509_074347_1014_3B_AnalyticMS.tif
18025,/Volumes/LaCie/planet//planet_order_347300/20190509_074348_1014/20190509_074348_1014_3B_AnalyticMS.tif
18025,/Volumes/LaCie/planet//planet_order_368885/20190509_144316_104b/20190509_144316_104b_3B_AnalyticMS.tif
18029,/Volumes/LaCie/planet//mutale/2019/20190513_074442_0f12/20190513_074442_0f12_3B_AnalyticMS.tif
18029,/Volumes/LaCie/planet//mutale/2019/20190513_074620_1035/20190513_074620_1035_3B_AnalyticMS.tif
18029,/Volumes/LaCie/planet//mutale/2019/20190513_075701_100d/20190513_075701_100d_3B_AnalyticMS.tif
18029,/Volumes/LaCie/planet//mutale/2019/20190513_075702_100d/20190513_075702_100d_3B_AnalyticMS.tif
18029,/Volumes/LaCie/planet//planet_order_347300/20190513_074442_0f12/20190513_074442_0f12_3B_AnalyticMS.tif
18029,/Volumes/LaCie/planet//planet_order_347300/20190513_074620_1035/20190513_074620_1035_3B_AnalyticMS.tif
18029,/Volumes/LaCie/planet//planet_order_347300/20190513_075701_100d/20190513_075701_100d_3B_AnalyticMS.tif
18029,/Volumes/LaCie/planet//planet_order_347300/20190513_075702_100d/20190513_075702_100d_3B_AnalyticMS.tif
18030,/Volumes/LaCie/planet//buffalo/exist_testing/20180424_074548_1003/20190514_074548_1003_3B_AnalyticMS.tif
18030,/Volumes/LaCie/planet//mutale/2019/20190514_074548_1003/20190514_074548_1003_3B_AnalyticMS.tif
18030,/Volumes/LaCie/planet//mutale/2019/20190514_074750_103d/20190514_074750_103d_3B_AnalyticMS.tif
18030,/Volumes/LaCie/planet//mutale/2019/20190514_080005_0f46/20190514_080005_0f46_3B_AnalyticMS.tif
18030,/Volumes/LaCie/planet//mutale/2019/20190514_080006_0f46/20190514_080006_0f46_3B_AnalyticMS.tif
18030,/Volumes/LaCie/planet//planet_order_347300/20190514_074548_1003/20190514_074548_1003_3B_AnalyticMS.tif
18030,/Volumes/LaCie/planet//planet_order_347300/20190514_074750_103d/20190514_074750_103d_3B_AnalyticMS.tif
18030,/Volumes/LaCie/planet//planet_order_347300/20190514_080005_0f46/20190514_080005_0f46_3B_AnalyticMS.tif
18030,/Volumes/LaCie/planet//planet_order_347300/20190514_080006_0f46/20190514_080006_0f46_3B_AnalyticMS.tif
18031,/Volumes/LaCie/planet//mutale/2019/20190515_074659_1011/20190515_074659_1011_3B_AnalyticMS.tif
18031,/Volumes/LaCie/planet//mutale/2019/20190515_074700_1011/20190515_074700_1011_3B_AnalyticMS.tif
18031,/Volumes/LaCie/planet//mutale/2019/20190515_075903_1050/20190515_075903_1050_3B_AnalyticMS.tif
18031,/Volumes/LaCie/planet//mutale/2019/20190515_075904_1050/20190515_075904_1050_3B_AnalyticMS.tif
18031,/Volumes/LaCie/planet//planet_order_347300/20190515_074659_1011/20190515_074659_1011_3B_AnalyticMS.tif
18031,/Volumes/LaCie/planet//planet_order_347300/20190515_074700_1011/20190515_074700_1011_3B_AnalyticMS.tif
18031,/Volumes/LaCie/planet//planet_order_347300/20190515_075903_1050/20190515_075903_1050_3B_AnalyticMS.tif
18031,/Volumes/LaCie/planet//planet_order_347300/20190515_075904_1050/20190515_075904_1050_3B_AnalyticMS.tif
18031,/Volumes/LaCie/planet//planet_order_368885/20190515_153653_0e3a/20190515_153653_0e3a_3B_AnalyticMS.tif
18031,/Volumes/LaCie/planet//planet_order_368885/20190515_153654_0e3a/20190515_153654_0e3a_3B_AnalyticMS.tif
18033,/Volumes/LaCie/planet//mutale/2019/20190517_074635_0f15/20190517_074635_0f15_3B_AnalyticMS.tif
18033,/Volumes/LaCie/planet//mutale/2019/20190517_074704_0f12/20190517_074704_0f12_3B_AnalyticMS.tif
18033,/Volumes/LaCie/planet//mutale/2019/20190517_074706_0f12/20190517_074706_0f12_3B_AnalyticMS.tif
18033,/Volumes/LaCie/planet//planet_order_347300/20190517_074635_0f15/20190517_074635_0f15_3B_AnalyticMS.tif
18033,/Volumes/LaCie/planet//planet_order_347300/20190517_074704_0f12/20190517_074704_0f12_3B_AnalyticMS.tif
18033,/Volumes/LaCie/planet//planet_order_347300/20190517_074706_0f12/20190517_074706_0f12_3B_AnalyticMS.tif
18034,/Volumes/LaCie/planet//mutale/2019/20190518_075740_0f4b/20190518_075740_0f4b_3B_AnalyticMS.tif
18034,/Volumes/LaCie/planet//mutale/2019/20190518_075741_0f4b/20190518_075741_0f4b_3B_AnalyticMS.tif
18034,/Volumes/LaCie/planet//planet_order_347300/20190518_075740_0f4b/20190518_075740_0f4b_3B_AnalyticMS.tif
18034,/Volumes/LaCie/planet//planet_order_347300/20190518_075741_0f4b/20190518_075741_0f4b_3B_AnalyticMS.tif
18035,/Volumes/LaCie/planet//mutale/2019/20190519_074348_100a/20190519_074348_100a_3B_AnalyticMS.tif
18035,/Volumes/LaCie/planet//mutale/2019/20190519_074707_101e/20190519_074707_101e_3B_AnalyticMS.tif
18035,/Volumes/LaCie/planet//planet_order_347300/20190519_074348_100a/20190519_074348_100a_3B_AnalyticMS.tif
18035,/Volumes/LaCie/planet//planet_order_347300/20190519_074707_101e/20190519_074707_101e_3B_AnalyticMS.tif
18035,/Volumes/LaCie/planet//planet_order_368885/20190519_144416_0f4d/20190519_144416_0f4d_3B_AnalyticMS.tif
18036,/Volumes/LaCie/planet//mutale/2019/20190520_075625_104b/20190520_075625_104b_3B_AnalyticMS.tif
18036,/Volumes/LaCie/planet//mutale/2019/20190520_075626_104b/20190520_075626_104b_3B_AnalyticMS.tif
18036,/Volumes/LaCie/planet//planet_order_347300/20190520_075625_104b/20190520_075625_104b_3B_AnalyticMS.tif
18036,/Volumes/LaCie/planet//planet_order_347300/20190520_075626_104b/20190520_075626_104b_3B_AnalyticMS.tif
18039,/Volumes/LaCie/planet//mutale/2019/20190523_074622_0f4e/20190523_074622_0f4e_3B_AnalyticMS.tif
18039,/Volumes/LaCie/planet//mutale/2019/20190523_075535_1050/20190523_075535_1050_3B_AnalyticMS.tif
18039,/Volumes/LaCie/planet//mutale/2019/20190523_075536_1050/20190523_075536_1050_3B_AnalyticMS.tif
18039,/Volumes/LaCie/planet//planet_order_347300/20190523_074622_0f4e/20190523_074622_0f4e_3B_AnalyticMS.tif
18039,/Volumes/LaCie/planet//planet_order_347300/20190523_075535_1050/20190523_075535_1050_3B_AnalyticMS.tif
18039,/Volumes/LaCie/planet//planet_order_347300/20190523_075536_1050/20190523_075536_1050_3B_AnalyticMS.tif
18041,/Volumes/LaCie/planet//planet_order_368885/20190525_143948_104a/20190525_143948_104a_3B_AnalyticMS.tif
18041,/Volumes/LaCie/planet//planet_order_368885/20190525_154341_1029/20190525_154341_1029_3B_AnalyticMS.tif
18043,/Volumes/LaCie/planet//mutale/2019/20190527_074638_100e/20190527_074638_100e_3B_AnalyticMS.tif
18043,/Volumes/LaCie/planet//mutale/2019/20190527_074639_100e/20190527_074639_100e_3B_AnalyticMS.tif
18043,/Volumes/LaCie/planet//planet_order_347300/20190527_074638_100e/20190527_074638_100e_3B_AnalyticMS.tif
18043,/Volumes/LaCie/planet//planet_order_347300/20190527_074639_100e/20190527_074639_100e_3B_AnalyticMS.tif
18043,/Volumes/LaCie/planet//planet_order_368885/20190527_154533_0f25/20190527_154533_0f25_3B_AnalyticMS.tif
18044,/Volumes/LaCie/planet//mutale/2019/20190528_074504_1004/20190528_074504_1004_3B_AnalyticMS.tif
18044,/Volumes/LaCie/planet//mutale/2019/20190528_074505_1004/20190528_074505_1004_3B_AnalyticMS.tif
18044,/Volumes/LaCie/planet//mutale/2019/20190528_075544_104a/20190528_075544_104a_3B_AnalyticMS.tif
18044,/Volumes/LaCie/planet//mutale/2019/20190528_075545_104a/20190528_075545_104a_3B_AnalyticMS.tif
18044,/Volumes/LaCie/planet//planet_order_347300/20190528_074504_1004/20190528_074504_1004_3B_AnalyticMS.tif
18044,/Volumes/LaCie/planet//planet_order_347300/20190528_074505_1004/20190528_074505_1004_3B_AnalyticMS.tif
18044,/Volumes/LaCie/planet//planet_order_347300/20190528_075544_104a/20190528_075544_104a_3B_AnalyticMS.tif
18044,/Volumes/LaCie/planet//planet_order_347300/20190528_075545_104a/20190528_075545_104a_3B_AnalyticMS.tif
18046,/Volumes/LaCie/planet//mutale/2019/20190530_074605_1009/20190530_074605_1009_3B_AnalyticMS.tif
18046,/Volumes/LaCie/planet//planet_order_347300/20190530_074605_1009/20190530_074605_1009_3B_AnalyticMS.tif
18050,/Volumes/LaCie/planet//planet_order_368885/20190603_153503_0e20/20190603_153503_0e20_3B_AnalyticMS.tif
18051,/Volumes/LaCie/planet//planet_order_368885/20190604_144205_104e/20190604_144205_104e_3B_AnalyticMS.tif
18058,/Volumes/LaCie/planet//planet_order_368885/20190611_154256_103e/20190611_154256_103e_3B_AnalyticMS.tif
18059,/Volumes/LaCie/planet//planet_order_368885/20190612_154534_1034/20190612_154534_1034_3B_AnalyticMS.tif
18068,/Volumes/LaCie/planet//planet_order_368885/20190621_153731_0e2f/20190621_153731_0e2f_3B_AnalyticMS.tif
18068,/Volumes/LaCie/planet//planet_order_368885/20190621_154628_1105/20190621_154628_1105_3B_AnalyticMS.tif
18069,/Volumes/LaCie/planet//planet_order_368885/20190622_154516_1014/20190622_154516_1014_3B_AnalyticMS.tif
18074,/Volumes/LaCie/planet//planet_order_368885/20190627_154244_0f35/20190627_154244_0f35_3B_AnalyticMS.tif
18075,/Volumes/LaCie/planet//planet_order_368885/20190628_154702_1038/20190628_154702_1038_3B_AnalyticMS.tif
18081,/Volumes/LaCie/planet//planet_order_368885/20190704_143529_1_0f2d/20190704_143529_1_0f2d_3B_AnalyticMS.tif
18081,/Volumes/LaCie/planet//planet_order_368885/20190704_154815_0f15/20190704_154815_0f15_3B_AnalyticMS.tif
18086,/Volumes/LaCie/planet//planet_order_368885/20190709_143550_1050/20190709_143550_1050_3B_AnalyticMS.tif
18091,/Volumes/LaCie/planet//planet_order_368885/20190714_154440_1005/20190714_154440_1005_3B_AnalyticMS.tif
18092,/Volumes/LaCie/planet//mutale/2019/20190715_154635_1004/20190715_154635_1004_3B_AnalyticMS.tif
18092,/Volumes/LaCie/planet//mutale/2019/20190715_154636_1004/20190715_154636_1004_3B_AnalyticMS.tif
18092,/Volumes/LaCie/planet//planet_order_368885/20190715_154635_1004/20190715_154635_1004_3B_AnalyticMS.tif
18092,/Volumes/LaCie/planet//planet_order_368885/20190715_154636_1004/20190715_154636_1004_3B_AnalyticMS.tif
18101,/Volumes/LaCie/planet//mutale/2019/20190724_154630_103b/20190724_154630_103b_3B_AnalyticMS.tif
18101,/Volumes/LaCie/planet//planet_order_368885/20190724_154630_103b/20190724_154630_103b_3B_AnalyticMS.tif
18103,/Volumes/LaCie/planet//planet_order_368885/20190726_143312_0f24/20190726_143312_0f24_3B_AnalyticMS.tif
18103,/Volumes/LaCie/planet//planet_order_368885/20190726_143313_0f24/20190726_143313_0f24_3B_AnalyticMS.tif
18105,/Volumes/LaCie/planet//planet_order_368885/20190728_154506_101b/20190728_154506_101b_3B_AnalyticMS.tif
18106,/Volumes/LaCie/planet//planet_order_368885/20190729_143413_0f3d/20190729_143413_0f3d_3B_AnalyticMS.tif
18110,/Volumes/LaCie/planet//mutale/2019/20190802_154709_1008/20190802_154709_1008_3B_AnalyticMS.tif
18111,/Volumes/LaCie/planet//mutale/2019/20190803_074828_1008/20190803_074828_1008_3B_AnalyticMS.tif
18111,/Volumes/LaCie/planet//mutale/2019/20190803_074907_1032/20190803_074907_1032_3B_AnalyticMS.tif
18111,/Volumes/LaCie/planet//mutale/2019/20190803_154410_103e/20190803_154410_103e_3B_AnalyticMS.tif
18111,/Volumes/LaCie/planet//planet_order_445254/20190803_074828_1008/20190803_074828_1008_3B_AnalyticMS.tif
18111,/Volumes/LaCie/planet//planet_order_458347/20190803_074907_1032/20190803_074907_1032_3B_AnalyticMS.tif
18112,/Volumes/LaCie/planet//mutale/2019/20190804_074527_103e/20190804_074527_103e_3B_AnalyticMS.tif
18112,/Volumes/LaCie/planet//mutale/2019/20190804_074532_1001/20190804_074532_1001_3B_AnalyticMS.tif
18112,/Volumes/LaCie/planet//mutale/2019/20190804_155755_09_1058/20190804_155755_09_1058_3B_AnalyticMS.tif
18112,/Volumes/LaCie/planet//planet_order_445254/20190804_074532_1001/20190804_074532_1001_3B_AnalyticMS.tif
18112,/Volumes/LaCie/planet//planet_order_458347/20190804_074527_103e/20190804_074527_103e_3B_AnalyticMS.tif
18113,/Volumes/LaCie/planet//mutale/2019/20190805_074441_1011/20190805_074441_1011_3B_AnalyticMS.tif
18113,/Volumes/LaCie/planet//mutale/2019/20190805_074948_1034/20190805_074948_1034_3B_AnalyticMS.tif
18113,/Volumes/LaCie/planet//planet_order_445254/20190805_074441_1011/20190805_074441_1011_3B_AnalyticMS.tif
18113,/Volumes/LaCie/planet//planet_order_458347/20190805_074948_1034/20190805_074948_1034_3B_AnalyticMS.tif
18115,/Volumes/LaCie/planet//mutale/2019/20190807_074707_0f2e/20190807_074707_0f2e_3B_AnalyticMS.tif
18115,/Volumes/LaCie/planet//mutale/2019/20190807_074930_0f22/20190807_074930_0f22_3B_AnalyticMS.tif
18115,/Volumes/LaCie/planet//planet_order_445254/20190807_074707_0f2e/20190807_074707_0f2e_3B_AnalyticMS.tif
18115,/Volumes/LaCie/planet//planet_order_458347/20190807_074930_0f22/20190807_074930_0f22_3B_AnalyticMS.tif
18116,/Volumes/LaCie/planet//mutale/2019/20190808_074725_1001/20190808_074725_1001_3B_AnalyticMS.tif
18116,/Volumes/LaCie/planet//planet_order_458347/20190808_074725_1001/20190808_074725_1001_3B_AnalyticMS.tif
18119,/Volumes/LaCie/planet//mutale/2019/20190811_074345_0f36/20190811_074345_0f36_3B_AnalyticMS.tif
18119,/Volumes/LaCie/planet//mutale/2019/20190811_074533_1035/20190811_074533_1035_3B_AnalyticMS.tif
18119,/Volumes/LaCie/planet//planet_order_445254/20190811_074533_1035/20190811_074533_1035_3B_AnalyticMS.tif
18119,/Volumes/LaCie/planet//planet_order_458347/20190811_074345_0f36/20190811_074345_0f36_3B_AnalyticMS.tif
18120,/Volumes/LaCie/planet//mutale/2019/20190812_074330_1020/20190812_074330_1020_3B_AnalyticMS.tif
18120,/Volumes/LaCie/planet//mutale/2019/20190812_074846_103e/20190812_074846_103e_3B_AnalyticMS.tif
18120,/Volumes/LaCie/planet//planet_order_445254/20190812_074330_1020/20190812_074330_1020_3B_AnalyticMS.tif
18120,/Volumes/LaCie/planet//planet_order_458347/20190812_074846_103e/20190812_074846_103e_3B_AnalyticMS.tif
18122,/Volumes/LaCie/planet//mutale/2019/20190814_073704_0e2f/20190814_073704_0e2f_3B_AnalyticMS.tif
18122,/Volumes/LaCie/planet//planet_order_445254/20190814_073704_0e2f/20190814_073704_0e2f_3B_AnalyticMS.tif
18123,/Volumes/LaCie/planet//mutale/2019/20190815_103433_0f02/20190815_103433_0f02_3B_AnalyticMS.tif
18123,/Volumes/LaCie/planet//planet_order_458347/20190815_103433_0f02/20190815_103433_0f02_3B_AnalyticMS.tif
18124,/Volumes/LaCie/planet//mutale/2019/20190816_074713_101f/20190816_074713_101f_3B_AnalyticMS.tif
18124,/Volumes/LaCie/planet//planet_order_445254/20190816_074713_101f/20190816_074713_101f_3B_AnalyticMS.tif
18125,/Volumes/LaCie/planet//mutale/2019/20190817_074715_1038/20190817_074715_1038_3B_AnalyticMS.tif
18125,/Volumes/LaCie/planet//planet_order_445254/20190817_074715_1038/20190817_074715_1038_3B_AnalyticMS.tif
18127,/Volumes/LaCie/planet//mutale/2019/20190819_074504_0f3c/20190819_074504_0f3c_3B_AnalyticMS.tif
18127,/Volumes/LaCie/planet//mutale/2019/20190819_091948_79_106b/20190819_091948_79_106b_3B_AnalyticMS.tif
18127,/Volumes/LaCie/planet//planet_order_445254/20190819_074504_0f3c/20190819_074504_0f3c_3B_AnalyticMS.tif
18127,/Volumes/LaCie/planet//planet_order_458347/20190819_091948_79_106b/20190819_091948_79_106b_3B_AnalyticMS.tif
18132,/Volumes/LaCie/planet//mutale/2019/20190824_074636_1021/20190824_074636_1021_3B_AnalyticMS.tif
18132,/Volumes/LaCie/planet//mutale/2019/20190824_074807_0f35/20190824_074807_0f35_3B_AnalyticMS.tif
18132,/Volumes/LaCie/planet//planet_order_445254/20190824_074807_0f35/20190824_074807_0f35_3B_AnalyticMS.tif
18132,/Volumes/LaCie/planet//planet_order_458347/20190824_074636_1021/20190824_074636_1021_3B_AnalyticMS.tif
18133,/Volumes/LaCie/planet//mutale/2019/20190825_074904_1012/20190825_074904_1012_3B_AnalyticMS.tif
18133,/Volumes/LaCie/planet//planet_order_458347/20190825_074904_1012/20190825_074904_1012_3B_AnalyticMS.tif
18134,/Volumes/LaCie/planet//mutale/2019/20190826_074141_0e3a/20190826_074141_0e3a_3B_AnalyticMS.tif
18134,/Volumes/LaCie/planet//planet_order_458347/20190826_074141_0e3a/20190826_074141_0e3a_3B_AnalyticMS.tif
18135,/Volumes/LaCie/planet//mutale/2019/20190827_074902_0f15/20190827_074902_0f15_3B_AnalyticMS.tif
18135,/Volumes/LaCie/planet//planet_order_445254/20190827_074902_0f15/20190827_074902_0f15_3B_AnalyticMS.tif
18136,/Volumes/LaCie/planet//mutale/2019/20190828_074622_100c/20190828_074622_100c_3B_AnalyticMS.tif
18136,/Volumes/LaCie/planet//planet_order_445254/20190828_074622_100c/20190828_074622_100c_3B_AnalyticMS.tif
18137,/Volumes/LaCie/planet//mutale/2019/20190829_091822_63_1062/20190829_091822_63_1062_3B_AnalyticMS.tif
18137,/Volumes/LaCie/planet//planet_order_445254/20190829_091822_63_1062/20190829_091822_63_1062_3B_AnalyticMS.tif
18138,/Volumes/LaCie/planet//mutale/2019/20190830_074819_1006/20190830_074819_1006_3B_AnalyticMS.tif
18138,/Volumes/LaCie/planet//mutale/2019/20190830_074820_1006/20190830_074820_1006_3B_AnalyticMS.tif
18138,/Volumes/LaCie/planet//planet_order_445254/20190830_074819_1006/20190830_074819_1006_3B_AnalyticMS.tif
18138,/Volumes/LaCie/planet//planet_order_458347/20190830_074820_1006/20190830_074820_1006_3B_AnalyticMS.tif
18141,/Volumes/LaCie/planet//mutale/2019/20190902_074959_0f4e/20190902_074959_0f4e_3B_AnalyticMS.tif
18141,/Volumes/LaCie/planet//planet_order_458347/20190902_074959_0f4e/20190902_074959_0f4e_3B_AnalyticMS.tif
18142,/Volumes/LaCie/planet//mutale/2019/20190903_074544_1013/20190903_074544_1013_3B_AnalyticMS.tif
18142,/Volumes/LaCie/planet//mutale/2019/20190903_075052_1105/20190903_075052_1105_3B_AnalyticMS.tif
18142,/Volumes/LaCie/planet//planet_order_445254/20190903_075052_1105/20190903_075052_1105_3B_AnalyticMS.tif
18142,/Volumes/LaCie/planet//planet_order_458347/20190903_074544_1013/20190903_074544_1013_3B_AnalyticMS.tif
18143,/Volumes/LaCie/planet//mutale/2019/20190904_074926_0f31/20190904_074926_0f31_3B_AnalyticMS.tif
18143,/Volumes/LaCie/planet//mutale/2019/20190904_074927_0f31/20190904_074927_0f31_3B_AnalyticMS.tif
18143,/Volumes/LaCie/planet//planet_order_445254/20190904_074926_0f31/20190904_074926_0f31_3B_AnalyticMS.tif
18143,/Volumes/LaCie/planet//planet_order_458347/20190904_074927_0f31/20190904_074927_0f31_3B_AnalyticMS.tif
18144,/Volumes/LaCie/planet//mutale/2019/20190905_092020_76_106b/20190905_092020_76_106b_3B_AnalyticMS.tif
18144,/Volumes/LaCie/planet//planet_order_445254/20190905_092020_76_106b/20190905_092020_76_106b_3B_AnalyticMS.tif
18149,/Volumes/LaCie/planet//mutale/2019/20190910_073852_1048/20190910_073852_1048_3B_AnalyticMS.tif
18149,/Volumes/LaCie/planet//mutale/2019/20190910_074738_1005/20190910_074738_1005_3B_AnalyticMS.tif
18149,/Volumes/LaCie/planet//planet_order_445254/20190910_074738_1005/20190910_074738_1005_3B_AnalyticMS.tif
18149,/Volumes/LaCie/planet//planet_order_458347/20190910_073852_1048/20190910_073852_1048_3B_AnalyticMS.tif
18150,/Volumes/LaCie/planet//mutale/2019/20190911_092040_78_1063/20190911_092040_78_1063_3B_AnalyticMS.tif
18150,/Volumes/LaCie/planet//mutale/U2/planet_order_458347/20190911_092040_78_1063/20190911_092040_78_1063_3B_AnalyticMS.tif
18150,/Volumes/LaCie/planet//planet_order_445254/20190911_092040_78_1063/20190911_092040_78_1063_3B_AnalyticMS.tif
18150,/Volumes/LaCie/planet//planet_order_458347/20190911_092040_78_1063/20190911_092040_78_1063_3B_AnalyticMS.tif
18151,/Volumes/LaCie/planet//mutale/2019/20190912_074758_0f17/20190912_074758_0f17_3B_AnalyticMS.tif
18151,/Volumes/LaCie/planet//planet_order_458347/20190912_074758_0f17/20190912_074758_0f17_3B_AnalyticMS.tif
18155,/Volumes/LaCie/planet//mutale/2019/20190916_074534_103c/20190916_074534_103c_3B_AnalyticMS.tif
18155,/Volumes/LaCie/planet//planet_order_445254/20190916_074534_103c/20190916_074534_103c_3B_AnalyticMS.tif
18156,/Volumes/LaCie/planet//mutale/2019/20190917_073818_1054/20190917_073818_1054_3B_AnalyticMS.tif
18156,/Volumes/LaCie/planet//mutale/2019/20190917_073824_0e0f/20190917_073824_0e0f_3B_AnalyticMS.tif
18156,/Volumes/LaCie/planet//planet_order_445254/20190917_073824_0e0f/20190917_073824_0e0f_3B_AnalyticMS.tif
18156,/Volumes/LaCie/planet//planet_order_458347/20190917_073818_1054/20190917_073818_1054_3B_AnalyticMS.tif
18157,/Volumes/LaCie/planet//mutale/2019/20190918_073807_104a/20190918_073807_104a_3B_AnalyticMS.tif
18157,/Volumes/LaCie/planet//mutale/2019/20190918_074444_1025/20190918_074444_1025_3B_AnalyticMS.tif
18157,/Volumes/LaCie/planet//planet_order_445254/20190918_074444_1025/20190918_074444_1025_3B_AnalyticMS.tif
18157,/Volumes/LaCie/planet//planet_order_458347/20190918_073807_104a/20190918_073807_104a_3B_AnalyticMS.tif
18159,/Volumes/LaCie/planet//mutale/2019/20190920_073821_0f4d/20190920_073821_0f4d_3B_AnalyticMS.tif
18159,/Volumes/LaCie/planet//planet_order_445254/20190920_073821_0f4d/20190920_073821_0f4d_3B_AnalyticMS.tif
18161,/Volumes/LaCie/planet//mutale/2019/20190922_074003_0e20/20190922_074003_0e20_3B_AnalyticMS.tif
18161,/Volumes/LaCie/planet//mutale/2019/20190922_074004_0e20/20190922_074004_0e20_3B_AnalyticMS.tif
18161,/Volumes/LaCie/planet//planet_order_445254/20190922_074003_0e20/20190922_074003_0e20_3B_AnalyticMS.tif
18161,/Volumes/LaCie/planet//planet_order_458347/20190922_074004_0e20/20190922_074004_0e20_3B_AnalyticMS.tif
18166,/Volumes/LaCie/planet//mutale/2019/20190927_091816_61_1069/20190927_091816_61_1069_3B_AnalyticMS.tif
18166,/Volumes/LaCie/planet//planet_order_445254/20190927_091816_61_1069/20190927_091816_61_1069_3B_AnalyticMS.tif
18167,/Volumes/LaCie/planet//mutale/2019/20190928_074823_101b/20190928_074823_101b_3B_AnalyticMS.tif
18167,/Volumes/LaCie/planet//mutale/2019/20190928_074824_101b/20190928_074824_101b_3B_AnalyticMS.tif
18167,/Volumes/LaCie/planet//planet_order_445254/20190928_074823_101b/20190928_074823_101b_3B_AnalyticMS.tif
18167,/Volumes/LaCie/planet//planet_order_458347/20190928_074824_101b/20190928_074824_101b_3B_AnalyticMS.tif
18168,/Volumes/LaCie/planet//mutale/2019/20190929_074742_1032/20190929_074742_1032_3B_AnalyticMS.tif
18168,/Volumes/LaCie/planet//planet_order_445254/20190929_074742_1032/20190929_074742_1032_3B_AnalyticMS.tif
18198,/Volumes/LaCie/planet//mutale/2019/20191029_141732_1048/20191029_141732_1048_3B_AnalyticMS.tif
18266,/Volumes/LaCie/planet//mutale/2020/20200105_080939_95_1058/analytic_udm2/20200105_080939_95_1058_3B_AnalyticMS.tif
18267,/Volumes/LaCie/planet//mutale/2020/20200106_075106_1040/analytic_udm2/20200106_075106_1040_3B_AnalyticMS.tif
18288,/Volumes/LaCie/planet//mutale/2020/20200127_071743_104e/analytic_udm2/20200127_071743_104e_3B_AnalyticMS.tif
18293,/Volumes/LaCie/planet//mutale/2020/20200201_074814_0f3f/analytic_udm2/20200201_074814_0f3f_3B_AnalyticMS.tif
18306,/Volumes/LaCie/planet//mutale/2020/20200214_074824_1005/analytic_udm2/20200214_074824_1005_3B_AnalyticMS.tif
18307,/Volumes/LaCie/planet//mutale/2020/20200215_075014_1044/analytic_udm2/20200215_075014_1044_3B_AnalyticMS.tif
18318,/Volumes/LaCie/planet//mutale/2020/20200226_075217_1018/analytic_udm2/20200226_075217_1018_3B_AnalyticMS.tif
18319,/Volumes/LaCie/planet//mutale/2020/20200227_071349_104a/analytic_udm2/20200227_071349_104a_3B_AnalyticMS.tif
18320,/Volumes/LaCie/planet//mutale/2020/20200228_081145_76_105a/analytic_udm2/20200228_081145_76_105a_3B_AnalyticMS.tif
18385,/Volumes/LaCie/planet//mutale/2020/20200503_081238_68_1061/analytic_udm2/20200503_081238_68_1061_3B_AnalyticMS.tif
18386,/Volumes/LaCie/planet//mutale/2020/20200504_072001_44_2259/analytic_udm2/20200504_072001_44_2259_3B_AnalyticMS.tif
18394,/Volumes/LaCie/planet//mutale/2020/20200512_081347_11_1057/analytic_udm2/20200512_081347_11_1057_3B_AnalyticMS.tif
18395,/Volumes/LaCie/planet//mutale/2020/20200513_074931_1006/analytic_udm2/20200513_074931_1006_3B_AnalyticMS.tif
18401,/Volumes/LaCie/planet//mutale/2020/20200519_072219_04_2257/analytic_udm2/20200519_072219_04_2257_3B_AnalyticMS.tif
18408,/Volumes/LaCie/planet//mutale/2020/20200526_074956_1032/analytic_udm2/20200526_074956_1032_3B_AnalyticMS.tif
18409,/Volumes/LaCie/planet//mutale/2020/20200527_090342_48_106e/analytic_udm2/20200527_090342_48_106e_3B_AnalyticMS.tif
18411,/Volumes/LaCie/planet//mutale/2020/20200529_075120_101b/analytic_udm2/20200529_075120_101b_3B_AnalyticMS.tif
18412,/Volumes/LaCie/planet//mutale/2020/20200530_075110_0f31/analytic_udm2/20200530_075110_0f31_3B_AnalyticMS.tif
18415,/Volumes/LaCie/planet//mutale/2020/20200602_075002_101b/analytic_udm2/20200602_075002_101b_3B_AnalyticMS.tif
18421,/Volumes/LaCie/planet//mutale/2020/20200608_075003_1005/analytic_udm2/20200608_075003_1005_3B_AnalyticMS.tif
18424,/Volumes/LaCie/planet//mutale/2020/20200611_075119_1010/analytic_udm2/20200611_075119_1010_3B_AnalyticMS.tif
18425,/Volumes/LaCie/planet//mutale/2020/20200612_074842_1005/analytic_udm2/20200612_074842_1005_3B_AnalyticMS.tif
18426,/Volumes/LaCie/planet//mutale/2020/20200613_090255_47_106a/analytic_udm2/20200613_090255_47_106a_3B_AnalyticMS.tif
18433,/Volumes/LaCie/planet//mutale/2020/20200620_074730_1025/analytic_udm2/20200620_074730_1025_3B_AnalyticMS.tif
18434,/Volumes/LaCie/planet//mutale/2020/20200621_075211_1040/analytic_udm2/20200621_075211_1040_3B_AnalyticMS.tif
18435,/Volumes/LaCie/planet//mutale/2020/20200622_075017_103b/analytic_udm2/20200622_075017_103b_3B_AnalyticMS.tif
18439,/Volumes/LaCie/planet//mutale/2020/20200626_075204_1008/analytic_udm2/20200626_075204_1008_3B_AnalyticMS.tif
18440,/Volumes/LaCie/planet//mutale/2020/20200627_073441_0e0f/analytic_udm2/20200627_073441_0e0f_3B_AnalyticMS.tif
18445,/Volumes/LaCie/planet//mutale/2020/20200702_075641_1026/analytic_udm2/20200702_075641_1026_3B_AnalyticMS.tif
18445,/Volumes/LaCie/planet//mutale/2020/20200702_154849_1013/20200702_154849_1013_3B_AnalyticMS.tif
18448,/Volumes/LaCie/planet//mutale/2020/20200705_074849_1009/analytic_udm2/20200705_074849_1009_3B_AnalyticMS.tif
18448,/Volumes/LaCie/planet//mutale/2020/20200705_155145_0f4e/20200705_155145_0f4e_3B_AnalyticMS.tif
18450,/Volumes/LaCie/planet//mutale/2020/20200707_090047_33_1065/analytic_udm2/20200707_090047_33_1065_3B_AnalyticMS.tif
18450,/Volumes/LaCie/planet//mutale/2020/20200707_154805_0f15/20200707_154805_0f15_3B_AnalyticMS.tif
18456,/Volumes/LaCie/planet//mutale/2020/20200713_081701_68_1066/analytic_udm2/20200713_081701_68_1066_3B_AnalyticMS.tif
18460,/Volumes/LaCie/planet//mutale/2020/20200717_075103_1038/analytic_udm2/20200717_075103_1038_3B_AnalyticMS.tif
18461,/Volumes/LaCie/planet//mutale/2020/20200718_133456_104e/analytic_udm2/20200718_133456_104e_3B_AnalyticMS.tif
18462,/Volumes/LaCie/planet//mutale/2020/20200719_090316_89_1065/analytic_udm2/20200719_090316_89_1065_3B_AnalyticMS.tif
18463,/Volumes/LaCie/planet//mutale/2020/20200720_154821_1038/analytic_udm2/20200720_154821_1038_3B_AnalyticMS.tif
18464,/Volumes/LaCie/planet//mutale/2020/20200721_075058_1003/analytic_udm2/20200721_075058_1003_3B_AnalyticMS.tif
18468,/Volumes/LaCie/planet//mutale/2020/20200725_152106_54_2263/20200725_152106_54_2263_3B_AnalyticMS.tif
18469,/Volumes/LaCie/planet//mutale/2020/20200726_074908_1012/analytic_udm2/20200726_074908_1012_3B_AnalyticMS.tif
18472,/Volumes/LaCie/planet//mutale/2020/20200729_074733_1003/analytic_udm2/20200729_074733_1003_3B_AnalyticMS.tif
18473,/Volumes/LaCie/planet//mutale/2020/20200730_065031_0f3c/analytic_udm2/20200730_065031_0f3c_3B_AnalyticMS.tif
18475,/Volumes/LaCie/planet//mutale/2020/20200801_072321_45_2259/analytic_udm2/20200801_072321_45_2259_3B_AnalyticMS.tif
18478,/Volumes/LaCie/planet//mutale/2020/20200804_074827_1035/analytic_udm2/20200804_074827_1035_3B_AnalyticMS.tif
18483,/Volumes/LaCie/planet//mutale/2020/20200809_082029_84_1058/analytic_udm2/20200809_082029_84_1058_3B_AnalyticMS.tif
18484,/Volumes/LaCie/planet//mutale/2020/20200810_074906_1005/analytic_udm2/20200810_074906_1005_3B_AnalyticMS.tif
18489,/Volumes/LaCie/planet//mutale/2020/20200815_064302_1048/analytic_udm2/20200815_064302_1048_3B_AnalyticMS.tif
18490,/Volumes/LaCie/planet//mutale/2020/20200816_073537_0e3a/analytic_udm2/20200816_073537_0e3a_3B_AnalyticMS.tif
18492,/Volumes/LaCie/planet//mutale/2020/20200818_074725_1025/analytic_udm2/20200818_074725_1025_3B_AnalyticMS.tif
18498,/Volumes/LaCie/planet//mutale/2020/20200824_074906_103b/analytic_udm2/20200824_074906_103b_3B_AnalyticMS.tif
18499,/Volumes/LaCie/planet//mutale/2020/20200825_075054_1009/analytic_udm2/20200825_075054_1009_3B_AnalyticMS.tif
18500,/Volumes/LaCie/planet//mutale/2020/20200826_075305_0f4e/analytic_udm2/20200826_075305_0f4e_3B_AnalyticMS.tif
18502,/Volumes/LaCie/planet//mutale/2020/20200828_064218_0f2b/analytic_udm2/20200828_064218_0f2b_3B_AnalyticMS.tif
18502,/Volumes/LaCie/planet//mutale/2020/20200828_074745_1008/analytic_udm2/20200828_074745_1008_3B_AnalyticMS.tif
18544,/Volumes/LaCie/planet//mutale/2020/20201009_132302_0f3c/analytic_udm2/20201009_132302_0f3c_3B_AnalyticMS.tif
18552,/Volumes/LaCie/planet//mutale/2020/20201017_161413_49_2412/analytic_udm2/20201017_161413_49_2412_3B_AnalyticMS.tif
18557,/Volumes/LaCie/planet//mutale/2020/20201022_161218_76_2307/analytic_udm2/20201022_161218_76_2307_3B_AnalyticMS.tif
18558,/Volumes/LaCie/planet//mutale/2020/20201023_131801_1_1053/20201023_131801_1_1053_3B_AnalyticMS.tif
18558,/Volumes/LaCie/planet//mutale/2020/20201023_131802_1053/20201023_131802_1053_3B_AnalyticMS.tif
18560,/Volumes/LaCie/planet//mutale/2020/20201025_153907_42_106c/20201025_153907_42_106c_3B_AnalyticMS.tif
18566,/Volumes/LaCie/planet//mutale/2020/20201031_154852_1034/analytic_udm2/20201031_154852_1034_3B_AnalyticMS.tif
18569,/Volumes/LaCie/planet//mutale/2020/20201103_075217_0f22/analytic_udm2/20201103_075217_0f22_3B_AnalyticMS.tif
18572,/Volumes/LaCie/planet//mutale/2020/20201106_102821_0f02/20201106_102821_0f02_3B_AnalyticMS.tif
18572,/Volumes/LaCie/planet//mutale/2020/20201106_131608_104a/20201106_131608_104a_3B_AnalyticMS.tif
18573,/Volumes/LaCie/planet//mutale/2020/20201107_154534_1025/20201107_154534_1025_3B_AnalyticMS.tif
18575,/Volumes/LaCie/planet//mutale/2020/20201109_075138_1004/20201109_075138_1004_3B_AnalyticMS.tif
18575,/Volumes/LaCie/planet//mutale/2020/20201109_161222_79_2254/20201109_161222_79_2254_3B_AnalyticMS.tif
18576,/Volumes/LaCie/planet//mutale/2020/20201110_162100_72_1061/20201110_162100_72_1061_3B_AnalyticMS.tif
18583,/Volumes/LaCie/planet//mutale/2020/20201117_075050_0f28/20201117_075050_0f28_3B_AnalyticMS.tif
18586,/Volumes/LaCie/planet//mutale/2020/20201120_154929_1035/20201120_154929_1035_3B_AnalyticMS.tif
18594,/Volumes/LaCie/planet//mutale/2020/20201128_152504_69_2262/20201128_152504_69_2262_3B_AnalyticMS.tif
18606,/Volumes/LaCie/planet//mutale/2020/20201210_074730_1013/20201210_074730_1013_3B_AnalyticMS.tif
18607,/Volumes/LaCie/planet//mutale/2020/20201211_075015_1014/20201211_075015_1014_3B_AnalyticMS.tif
18607,/Volumes/LaCie/planet//mutale/2020/20201211_075016_1014/20201211_075016_1014_3B_AnalyticMS.tif
18607,/Volumes/LaCie/planet//mutale/N1/N1AugJul_PSScene4Band_Explorer/files/PSScene4Band/20201211_075015_1014/analytic_udm2/20201211_075015_1014_3B_AnalyticMS.tif
18619,/Volumes/LaCie/planet//mutale/2020/20201223_075706_1026/20201223_075706_1026_3B_AnalyticMS.tif
18619,/Volumes/LaCie/planet//mutale/N1/N1AugJul_PSScene4Band_Explorer/files/PSScene4Band/20201223_075706_1026/analytic_udm2/20201223_075706_1026_3B_AnalyticMS.tif
18633,/Volumes/LaCie/planet//mutale/2021/20210106_081334_98_2426/analytic_udm2/20210106_081334_98_2426_3B_AnalyticMS.tif
18643,/Volumes/LaCie/planet//mutale/2021/20210116_075014_1002/analytic_udm2/20210116_075014_1002_3B_AnalyticMS.tif
18655,/Volumes/LaCie/planet//mutale/2021/20210128_074846_1039/analytic_udm2/20210128_074846_1039_3B_AnalyticMS.tif
18661,/Volumes/LaCie/planet//mutale/2021/20210203_152754_79_2276/analytic_udm2/20210203_152754_79_2276_3B_AnalyticMS.tif
18664,/Volumes/LaCie/planet//mutale/2021/20210206_154702_1032/analytic_udm2/20210206_154702_1032_3B_AnalyticMS.tif
18675,/Volumes/LaCie/planet//mutale/2021/20210217_154748_1014/analytic_udm2/20210217_154748_1014_3B_AnalyticMS.tif
18677,/Volumes/LaCie/planet//mutale/2021/20210219_074647_1009/analytic_udm2/20210219_074647_1009_3B_AnalyticMS.tif
18683,/Volumes/LaCie/planet//mutale/2021/20210225_155652_43_105c/analytic_udm2/20210225_155652_43_105c_3B_AnalyticMS.tif
18684,/Volumes/LaCie/planet//mutale/2021/20210226_125901_1053/analytic_udm2/20210226_125901_1053_3B_AnalyticMS.tif
